GEOID,X,Y
17031243100,-87.67450675,41.89235466
17031032100,-87.65301789,41.95815388
17031020302,-87.69496341,42.00854066
17031843000,-87.7227523,41.86793481
17031690500,-87.61210856,41.76816566
17031672000,-87.67112845,41.76119856
17031140602,-87.72101658,41.9646521
17031610400,-87.66744913,41.81039846
17031530503,-87.63741206,41.66359796
17031040401,-87.68608163,41.97206674
17031630900,-87.7083655,41.78981146
17031010201,-87.68014855,42.0160076
17031440600,-87.61916033,41.73269093
17031031200,-87.65734102,41.97270924
17031838300,-87.63840386,41.90156655
17031130200,-87.73606640000001,41.98085092
17031080202,-87.63090053,41.90585974
17031836700,-87.70217474,41.89170404
17031630800,-87.69857245,41.78996524
17031491400,-87.61682145,41.68912326
17031243300,-87.66473879,41.89247817
17031430700,-87.55923220000001,41.76514324
17031671100,-87.66171177,41.77678156
17031300600,-87.71733432,41.84799051
17031062300,-87.66144317,41.94162778
17031120400,-87.75216254,41.97723588
17031770602,-87.90448852,42.01239069
17031710300,-87.66110570000001,41.75404851
17031242500,-87.68931911,41.89944553
17031620400,-87.71816816,41.78963821
17031230500,-87.73394928,41.91172353
17031040300,-87.70197485,41.97680138
17031220300,-87.69508634,41.92846468
17031420800,-87.60325692,41.77690978
17031190702,-87.76103954,41.92616304
17031031300,-87.64678533,41.97290959
17031320100,-87.62093224,41.88504648
17031560400,-87.74057679,41.80400854
17031251300,-87.77038493,41.8984251
17031120100,-87.77500735,42.00198220000001
17031835900,-87.62149887,41.82016644
17031840200,-87.64919147,41.84457483
17031220601,-87.71288366,41.92582521
17031650200,-87.73022645,41.78222236
17031241400,-87.67531026,41.90602339
17031821402,-87.65213235,41.66227531
17031430200,-87.5813483,41.76973138
17031833100,-87.65704539,41.87907673
17031560900,-87.79165138,41.79577007
17031710200,-87.65142767,41.75511212
17031350100,-87.60842028,41.84174939
17031210400,-87.73029812,41.93575814
17031580400,-87.70918446,41.81527549
17031837300,-87.70555240000002,41.87161905
17031550200,-87.56401006,41.65342929999999
17031150502,-87.78184136,41.95677846
17031160502,-87.71308765,41.9555841
17031170200,-87.78151878,41.94935283
17031530100,-87.61793948,41.68185228
17031835000,-87.68604923,41.78284948
17031843500,-87.69675436,41.83821453
17031030300,-87.67253479,41.99438755
17031837800,-87.68412740000001,41.8847501
17031070101,-87.63255808,41.93046402
17031271300,-87.70845279,41.87730403
17031170400,-87.81271068,41.94890811
17031271500,-87.71315591,41.87178613
17031440102,-87.60116366,41.74093569
17031980100,-87.75096144,41.78599019
17031700200,-87.72382218,41.75299025
17031301801,-87.73504918,41.84166179
17031841400,-87.71441061,41.85330987
17031530600,-87.61899517,41.67039113
17031836000,-87.61168435,41.81400357
17031480300,-87.58797256,41.72919429
17031681000,-87.64955263,41.77603946
17031520400,-87.53072699,41.70299048
17031060400,-87.66653643,41.95067322
17031750500,-87.6712333,41.68461607
17031711500,-87.63868815,41.73244066
17031740300,-87.71072326,41.69506933
17031242400,-87.68449001,41.89942195
17031030603,-87.65839787,41.98547623
17031301600,-87.71225204,41.84075722
17031561000,-87.79150326,41.78850208
17031210601,-87.71221399,41.93763562
17031834000,-87.6294985,41.72753594
17031243500,-87.65251725,41.89265362
17031242300,-87.67960034,41.89950655
17031835200,-87.74528661,41.79664365
17031660302,-87.69839263,41.78359569
17031340300,-87.635791,41.84280856
17031381800,-87.62119776,41.80384812
17031160601,-87.70214909,41.95953153
17031420400,-87.60355836,41.7831699
17031060500,-87.66050075,41.95272
17031240500,-87.68363652,41.91197004
17031491300,-87.62780359,41.688896899999996
17031380200,-87.61498606,41.82057401
17031390100,-87.59063028,41.81384338
17031720100,-87.67472719,41.72759441
17031750200,-87.67142508,41.69566489
17031842300,-87.65606634,41.90220092
17031830500,-87.72395087,41.83006543
17031020601,-87.70180241,42.00087463
17031570400,-87.71913039,41.8049921
17031010503,-87.66312691,42.00032005
17031837400,-87.69380128,41.87597471
17031292200,-87.71570676,41.85665178
17031580600,-87.69203145,41.81739795
17031220701,-87.72156506,41.92615539
17031836900,-87.70613618,41.88188305
17031835700,-87.62759779,41.81284438
17031681100,-87.64935956,41.76876653
17031580200,-87.69934773,41.82677185
17031151002,-87.74715538,41.94249177
17031835800,-87.6187192,41.81304625
17031832300,-87.67144903,41.91920702
17031600700,-87.66062935,41.84069269
17031440700,-87.60962936,41.73475141
17031710100,-87.64197131,41.75339179
17031520300,-87.53955709,41.70112336
17031071200,-87.64621065,41.92185478
17031460302,-87.5573905,41.74708633
17031282700,-87.68868122,41.87136691
17031834600,-87.63430566,41.78724667
17031570100,-87.71891319,41.81620064
17031221000,-87.71525256,41.92096043
17031980000,-87.90389546,41.98026694
17031660301,-87.69828723,41.77995405
17031071700,-87.64107175,41.91286663
17031450300,-87.57908940000002,41.74194386
17031830700,-87.65917156,41.96097268
17031410600,-87.59894514,41.79797102
17031839800,-87.64316235,41.83506742
17031061000,-87.65197029,41.94922058
17031063400,-87.64673023,41.93465954
17031231500,-87.71865591,41.89173183
17031841900,-87.64296873,41.86789231
17031151100,-87.76171752,41.94229034
17031711400,-87.65212358,41.73365708
17031650400,-87.71718034,41.76532483
17031031501,-87.65245003,41.96728527
17031061800,-87.64711319,41.94648949
17031411200,-87.59401723,41.79055575
17031063100,-87.64677988,41.93823194
17031461000,-87.54652790000002,41.72740532
17031490902,-87.61532621,41.70328008
17031720300,-87.67714513,41.71390274
17031240800,-87.69948216,41.91210574
17031410500,-87.60374641,41.79782726
17031040402,-87.67881807,41.97254501
17031241100,-87.68958201,41.90666731
17031730100,-87.63842562,41.72517711
17031140800,-87.70277513,41.96449419
17031350400,-87.62836949,41.84192912
17031280900,-87.68512815,41.87863093
17031700501,-87.69034221,41.74621313
17031050200,-87.68371678,41.95774057
17031243400,-87.65984786,41.89255771
